goat|山羊|animals|1|🐐
deer|鹿|animals|1|🦌
goose|鵝|animals|1|🪿
hen|母雞|animals|1|🐔
donkey|驢|animals|1|🫏
camel|駱駝|animals|1|🐪
seal|海豹|animals|1|🦭
worm|蚯蚓|animals|1|🪱
bean|豆子|food|1|🫘
butter|奶油|food|1|🧈
jam|果醬|food|1|🍓
juice|果汁|food|1|🧃
biscuit|餅乾|food|1|🍪
lettuce|萵苣|food|1|🥬
plum|李子|food|1|🍑
melon|甜瓜|food|1|🍈
brush|刷子|objects|1|🪥
comb|梳子|objects|1|🪮
mirror|鏡子|objects|1|🪞
pillow|枕頭|objects|1|🛏️
blanket|毯子|objects|1|🛏️
box|盒子|objects|1|📦
bottle|瓶子|objects|1|🍼
basket|籃子|objects|1|🧺
sky|天空|nature|1|☁️
sand|沙子|nature|1|🏖️
pond|池塘|nature|1|🪷
six|六|number|1|6️⃣
seven|七|number|1|7️⃣
eight|八|number|1|8️⃣
raccoon|浣熊|animals|2|🦝
otter|水獺|animals|2|🦦
beaver|河狸|animals|2|🦫
moose|駝鹿|animals|2|🫎
parrot|鸚鵡|animals|2|🦜
seahorse|海馬|animals|2|🐠
jellyfish|水母|animals|2|🪼
yogurt|優格|food|2|🥛
cereal|麥片|food|2|🥣
pancake|鬆餅|food|2|🥞
waffle|格子鬆餅|food|2|🧇
sausage|香腸|food|2|🌭
shrimp|蝦子|food|2|🦐
spinach|菠菜|food|2|🥬
cabbage|高麗菜|food|2|🥬
suitcase|行李箱|objects|2|🧳
wallet|錢包|objects|2|👛
zipper|拉鍊|objects|2|🧥
ladder|梯子|objects|2|🪜
bucket|水桶|objects|2|🪣
shovel|鏟子|objects|2|🛠️
broom|掃把|objects|2|🧹
mop|拖把|objects|2|🧽
towel|毛巾|objects|2|🧻
bathtub|浴缸|objects|2|🛁
kettle|水壺|objects|2|🫖
oven|烤箱|objects|2|♨️
fridge|冰箱|objects|2|🧊
toaster|烤麵包機|objects|2|🍞
island|小島|nature|2|🏝️
desert|沙漠|nature|2|🏜️
cave|洞穴|nature|2|🕳️
waterfall|瀑布|nature|2|💦
hill|小山|nature|2|⛰️
lake|湖泊|nature|2|🏞️
nine|九|number|2|9️⃣
ten|十|number|2|🔟
guitar|吉他|music|2|🎸
trumpet|小號|music|2|🎺
flute|長笛|music|2|🪈
chameleon|變色龍|animals|3|🦎
armadillo|犰狳|animals|3|🐾
porcupine|豪豬|animals|3|🦔
lemur|狐猴|animals|3|🐒
narwhal|獨角鯨|animals|3|🐋
asparagus|蘆筍|food|3|🥬
cauliflower|花椰菜|food|3|🥦
pomegranate|石榴|food|3|🍎
papaya|木瓜|food|3|🍈
dumpling|水餃|food|3|🥟
binoculars|望遠鏡|objects|3|🔭
flashlight|手電筒|objects|3|🔦
thermometer|溫度計|objects|3|🌡️
stapler|訂書機|objects|3|📎
calculator|計算機|objects|3|🧮
skateboard|滑板|objects|3|🛹
vacuum|吸塵器|objects|3|🧹
mailbox|信箱|objects|3|📮
wheelbarrow|獨輪車|objects|3|🛒
projector|投影機|objects|3|📽️
glacier|冰河|nature|3|🧊
geyser|間歇泉|nature|3|♨️
canyon|峽谷|nature|3|🏞️
cliff|懸崖|nature|3|⛰️
swamp|沼澤|nature|3|🌿
castle|城堡|building|3|🏰
museum|博物館|building|3|🏛️
library|圖書館|building|3|📚
bakery|麵包店|building|3|🥖
airport|機場|building|3|✈️
